<?xml version="1.0" encoding="UTF-8"?><rss version="2.0"
	xmlns:content="http://purl.org/rss/1.0/modules/content/"
	xmlns:wfw="http://wellformedweb.org/CommentAPI/"
	xmlns:dc="http://purl.org/dc/elements/1.1/"
	xmlns:atom="http://www.w3.org/2005/Atom"
	xmlns:sy="http://purl.org/rss/1.0/modules/syndication/"
	xmlns:slash="http://purl.org/rss/1.0/modules/slash/"
	>

<channel>
	<title>Pier, Autore presso BioLove®</title>
	<atom:link href="http://localhost/esamew3g5/author/pier/feed/?simply_static_page=393" rel="self" type="application/rss+xml" />
	<link></link>
	<description>Un mondo biologico tutto da scoprire</description>
	<lastBuildDate>Fri, 10 Mar 2023 08:35:07 +0000</lastBuildDate>
	<language>it-IT</language>
	<sy:updatePeriod>
	hourly	</sy:updatePeriod>
	<sy:updateFrequency>
	1	</sy:updateFrequency>
	<generator>https://wordpress.org/?v=6.1.1</generator>
	<item>
		<title>Ciao mondo!</title>
		<link>/ciao-mondo/</link>
					<comments>/ciao-mondo/#comments</comments>
		
		<dc:creator><![CDATA[Pier]]></dc:creator>
		<pubDate>Fri, 10 Mar 2023 08:35:07 +0000</pubDate>
				<category><![CDATA[Senza categoria]]></category>
		<guid isPermaLink="false">/?p=1</guid>

					<description><![CDATA[<p>Ti diamo il benvenuto in WordPress. Questo è il tuo primo articolo. Modificalo o eliminalo e quindi inizia a scrivere!</p>
<p>L'articolo <a rel="nofollow" href="/ciao-mondo/">Ciao mondo!</a> proviene da <a rel="nofollow" href="">BioLove®</a>.</p>
]]></description>
										<content:encoded><![CDATA[
<p>Ti diamo il benvenuto in WordPress. Questo è il tuo primo articolo. Modificalo o eliminalo e quindi inizia a scrivere!</p>
<p>L'articolo <a rel="nofollow" href="/ciao-mondo/">Ciao mondo!</a> proviene da <a rel="nofollow" href="">BioLove®</a>.</p>
]]></content:encoded>
					
					<wfw:commentRss>/ciao-mondo/feed/</wfw:commentRss>
			<slash:comments>1</slash:comments>
		
		
			</item>
	</channel>
</rss>
